1700053	
1700066	
1700067	
1700068	
1700069	
1700070	
1700071	
1700072	
1700075	
1700078	
1700081	
1700082	
1700083	
1700084	
1700085	
1700086	
1700087	
1700088	
1700095	
1700096	
1700097	
1700104	
1700105	
1700106	
1700107	
1700112	
1700113	
1700114	
1700115	
1705147	
1705148	
1705157	
1705199	
1705216	
1705217	
1705218	
1705219	
1705220	
1705221	
1705222	
1705223	
1705224	
1705225	
1705226	
1705227	
1705228	
1705229	
1705230	
1705231	
1705232	
1705233	
1705234	
1705235	
1705237	
1705238	
1705239	
1705240	
1705241	
1705242	
1705243	
1705244	
1705246	
1705247	
1705250	
1705251	
1705252	
1705253	
1705254	
1705255	
